date,temp_max
1/1/12,12.8
2/1/12,10.6
3/1/12,11.7
4/1/12,12.2
5/1/12,8.9
6/1/12,4.4
7/1/12,7.2
8/1/12,10
9/1/12,9.4
10/1/12,6.1
11/1/12,6.1
12/1/12,6.1
13/1/12,5
14/1/12,4.4
15/1/12,1.1
16/1/12,1.7
17/1/12,3.3
18/1/12,0
19/1/12,-1.1
20/1/12,7.2
21/1/12,8.3
22/1/12,6.7
23/1/12,8.3
24/1/12,10
25/1/12,8.9
26/1/12,8.9
27/1/12,6.7
28/1/12,6.7
29/1/12,9.4
30/1/12,8.3
31/1/12,9.4
1/2/12,8.9
2/2/12,8.3
3/2/12,14.4
4/2/12,15.6
5/2/12,13.9
6/2/12,16.1
7/2/12,15.6
8/2/12,10
9/2/12,11.1
10/2/12,12.8
11/2/12,8.9
12/2/12,8.3
13/2/12,7.2
14/2/12,6.7
15/2/12,7.2
16/2/12,7.2
17/2/12,10
18/2/12,6.7
19/2/12,6.7
20/2/12,7.8
21/2/12,10
22/2/12,10
23/2/12,8.3
24/2/12,6.7
25/2/12,7.2
26/2/12,5
27/2/12,6.7
28/2/12,6.7
29/2/12,5
1/3/12,6.1
2/3/12,6.7
3/3/12,12.2
4/3/12,10.6
5/3/12,7.8
6/3/12,6.7
7/3/12,8.9
8/3/12,15.6
9/3/12,9.4
10/3/12,7.2
11/3/12,6.7
12/3/12,8.3
13/3/12,5.6
14/3/12,7.8
15/3/12,11.1
16/3/12,8.9
17/3/12,10
18/3/12,5
19/3/12,7.2
20/3/12,7.8
21/3/12,8.9
22/3/12,10
23/3/12,12.2
24/3/12,15
25/3/12,13.3
26/3/12,12.8
27/3/12,14.4
28/3/12,10.6
29/3/12,10
30/3/12,9.4
31/3/12,10
1/4/12,8.9
2/4/12,16.7
3/4/12,11.7
4/4/12,10.6
5/4/12,9.4
6/4/12,11.1
7/4/12,16.1
8/4/12,21.1
9/4/12,20
10/4/12,17.8
11/4/12,11.1
12/4/12,13.9
13/4/12,15
14/4/12,15.6
15/4/12,16.1
16/4/12,13.3
17/4/12,10
18/4/12,13.3
19/4/12,13.9
20/4/12,13.3
21/4/12,20
22/4/12,23.3
23/4/12,21.7
24/4/12,13.9
25/4/12,16.7
26/4/12,13.9
27/4/12,13.3
28/4/12,16.1
29/4/12,15.6
30/4/12,12.8
1/5/12,11.7
2/5/12,13.3
3/5/12,11.1
4/5/12,12.2
5/5/12,13.3
6/5/12,17.8
7/5/12,23.9
8/5/12,18.3
9/5/12,13.3
10/5/12,14.4
11/5/12,18.3
12/5/12,24.4
13/5/12,25.6
14/5/12,26.7
15/5/12,24.4
16/5/12,19.4
17/5/12,17.8
18/5/12,15.6
19/5/12,19.4
20/5/12,14.4
21/5/12,16.7
22/5/12,12.8
23/5/12,14.4
24/5/12,17.2
25/5/12,22.2
26/5/12,22.2
27/5/12,17.2
28/5/12,16.7
29/5/12,16.1
30/5/12,18.9
31/5/12,17.8
1/6/12,20
2/6/12,18.9
3/6/12,17.2
4/6/12,12.8
5/6/12,13.3
6/6/12,16.1
7/6/12,16.1
8/6/12,15
9/6/12,17.2
10/6/12,18.9
11/6/12,23.3
12/6/12,18.3
13/6/12,16.1
14/6/12,17.2
15/6/12,22.2
16/6/12,21.1
17/6/12,18.9
18/6/12,17.2
19/6/12,19.4
20/6/12,24.4
21/6/12,23.9
22/6/12,13.9
23/6/12,15.6
24/6/12,19.4
25/6/12,19.4
26/6/12,18.3
27/6/12,22.8
28/6/12,22.2
29/6/12,21.7
30/6/12,20
1/7/12,20
2/7/12,18.9
3/7/12,18.3
4/7/12,20.6
5/7/12,24.4
6/7/12,25
7/7/12,26.7
8/7/12,28.3
9/7/12,25
10/7/12,23.9
11/7/12,27.8
12/7/12,25.6
13/7/12,23.3
14/7/12,25
15/7/12,18.9
16/7/12,26.1
17/7/12,21.7
18/7/12,21.1
19/7/12,25
20/7/12,19.4
21/7/12,23.9
22/7/12,20.6
23/7/12,18.9
24/7/12,23.3
25/7/12,26.7
26/7/12,25.6
27/7/12,18.9
28/7/12,22.2
29/7/12,22.8
30/7/12,19.4
31/7/12,22.8
1/8/12,23.9
2/8/12,23.3
3/8/12,27.2
4/8/12,33.9
5/8/12,33.9
6/8/12,28.3
7/8/12,21.1
8/8/12,22.2
9/8/12,24.4
10/8/12,25.6
11/8/12,28.3
12/8/12,30.6
13/8/12,30.6
14/8/12,28.9
15/8/12,31.1
16/8/12,34.4
17/8/12,32.8
18/8/12,21.7
19/8/12,23.3
20/8/12,25.6
21/8/12,23.3
22/8/12,22.2
23/8/12,21.1
24/8/12,22.2
25/8/12,26.1
26/8/12,21.1
27/8/12,23.9
28/8/12,22.8
29/8/12,22.8
30/8/12,22.8
31/8/12,22.2
1/9/12,21.7
2/9/12,21.1
3/9/12,22.8
4/9/12,24.4
5/9/12,26.1
6/9/12,28.3
7/9/12,32.2
8/9/12,25
9/9/12,18.9
10/9/12,20
11/9/12,20
12/9/12,22.2
13/9/12,27.8
14/9/12,26.1
15/9/12,22.2
16/9/12,24.4
17/9/12,27.8
18/9/12,27.8
19/9/12,23.9
20/9/12,19.4
21/9/12,16.1
22/9/12,19.4
23/9/12,19.4
24/9/12,21.1
25/9/12,19.4
26/9/12,19.4
27/9/12,22.8
28/9/12,25
29/9/12,20.6
30/9/12,21.1
1/10/12,23.3
2/10/12,17.8
3/10/12,18.9
4/10/12,18.9
5/10/12,21.7
6/10/12,23.9
7/10/12,23.9
8/10/12,21.1
9/10/12,16.1
10/10/12,12.2
11/10/12,13.9
12/10/12,13.9
13/10/12,15.6
14/10/12,17.8
15/10/12,17.2
16/10/12,16.1
17/10/12,14.4
18/10/12,17.8
19/10/12,15
20/10/12,11.1
21/10/12,11.7
22/10/12,7.8
23/10/12,11.1
24/10/12,11.7
25/10/12,11.7
26/10/12,11.1
27/10/12,14.4
28/10/12,14.4
29/10/12,15.6
30/10/12,15
31/10/12,15.6
1/11/12,15
2/11/12,15
3/11/12,15.6
4/11/12,17.8
5/11/12,15
6/11/12,12.8
7/11/12,12.2
8/11/12,10
9/11/12,8.9
10/11/12,7.8
11/11/12,8.9
12/11/12,12.8
13/11/12,11.1
14/11/12,11.1
15/11/12,9.4
16/11/12,9.4
17/11/12,12.2
18/11/12,10
19/11/12,13.3
20/11/12,11.1
21/11/12,8.3
22/11/12,8.9
23/11/12,9.4
24/11/12,8.9
25/11/12,8.3
26/11/12,9.4
27/11/12,10
28/11/12,9.4
29/11/12,12.8
30/11/12,15
1/12/12,13.3
2/12/12,8.3
3/12/12,9.4
4/12/12,11.7
5/12/12,8.9
6/12/12,7.2
7/12/12,7.8
8/12/12,6.7
9/12/12,6.7
10/12/12,7.2
11/12/12,7.8
12/12/12,6.7
13/12/12,7.2
14/12/12,6.1
15/12/12,4.4
16/12/12,6.7
17/12/12,8.3
18/12/12,3.9
19/12/12,8.3
20/12/12,7.2
21/12/12,8.3
22/12/12,8.3
23/12/12,7.2
24/12/12,5.6
25/12/12,5.6
26/12/12,6.7
27/12/12,7.8
28/12/12,8.3
29/12/12,5
30/12/12,4.4
31/12/12,3.3
1/1/13,5
2/1/13,6.1
3/1/13,6.7
4/1/13,10
5/1/13,6.7
6/1/13,7.2
7/1/13,10
8/1/13,11.7
9/1/13,10
10/1/13,3.3
11/1/13,2.8
12/1/13,2.8
13/1/13,2.2
14/1/13,3.3
15/1/13,6.7
16/1/13,6.1
17/1/13,3.9
18/1/13,3.3
19/1/13,1.1
20/1/13,3.3
21/1/13,2.2
22/1/13,3.3
23/1/13,7.2
24/1/13,7.2
25/1/13,10.6
26/1/13,8.3
27/1/13,5.6
28/1/13,6.1
29/1/13,8.3
30/1/13,8.9
31/1/13,9.4
1/2/13,11.7
2/2/13,6.1
3/2/13,8.9
4/2/13,10.6
5/2/13,10
6/2/13,10.6
7/2/13,9.4
8/2/13,7.8
9/2/13,8.3
10/2/13,8.9
11/2/13,8.3
12/2/13,11.1
13/2/13,9.4
14/2/13,9.4
15/2/13,13.3
16/2/13,11.1
17/2/13,9.4
18/2/13,7.8
19/2/13,10.6
20/2/13,7.8
21/2/13,6.7
22/2/13,7.8
23/2/13,10
24/2/13,8.9
25/2/13,10.6
26/2/13,8.9
27/2/13,10
28/2/13,11.7
1/3/13,15
2/3/13,13.9
3/3/13,11.1
4/3/13,13.3
5/3/13,9.4
6/3/13,7.2
7/3/13,12.2
8/3/13,11.7
9/3/13,12.8
10/3/13,7.8
11/3/13,10.6
12/3/13,12.8
13/3/13,11.7
14/3/13,11.7
15/3/13,14.4
16/3/13,10.6
17/3/13,8.9
18/3/13,11.7
19/3/13,12.8
20/3/13,11.1
21/3/13,10
22/3/13,9.4
23/3/13,10
24/3/13,12.2
25/3/13,16.7
26/3/13,16.7
27/3/13,13.3
28/3/13,16.1
29/3/13,18.3
30/3/13,20
31/3/13,20.6
1/4/13,17.2
2/4/13,13.9
3/4/13,16.7
4/4/13,14.4
5/4/13,13.9
6/4/13,12.2
7/4/13,8.3
8/4/13,13.3
9/4/13,12.2
10/4/13,15
11/4/13,12.2
12/4/13,7.8
13/4/13,10.6
14/4/13,12.8
15/4/13,13.9
16/4/13,13.9
17/4/13,15
18/4/13,11.7
19/4/13,13.3
20/4/13,13.9
21/4/13,12.2
22/4/13,16.1
23/4/13,17.8
24/4/13,21.1
25/4/13,21.7
26/4/13,20.6
27/4/13,13.9
28/4/13,15
29/4/13,13.9
30/4/13,12.8
1/5/13,18.3
2/5/13,20.6
3/5/13,21.7
4/5/13,25
5/5/13,28.9
6/5/13,30.6
7/5/13,20.6
8/5/13,19.4
9/5/13,22.8
10/5/13,26.1
11/5/13,27.2
12/5/13,21.7
13/5/13,18.9
14/5/13,18.3
15/5/13,17.2
16/5/13,21.7
17/5/13,17.2
18/5/13,16.7
19/5/13,18.3
20/5/13,19.4
21/5/13,15.6
22/5/13,11.1
23/5/13,12.2
24/5/13,16.7
25/5/13,17.8
26/5/13,18.3
27/5/13,16.7
28/5/13,17.2
29/5/13,16.1
30/5/13,16.7
31/5/13,19.4
1/6/13,22.8
2/6/13,20.6
3/6/13,22.2
4/6/13,26.1
5/6/13,26.7
6/6/13,26.7
7/6/13,21.7
8/6/13,20.6
9/6/13,20.6
10/6/13,21.7
11/6/13,20
12/6/13,20.6
13/6/13,21.1
14/6/13,20
15/6/13,25.6
16/6/13,23.9
17/6/13,25.6
18/6/13,23.3
19/6/13,20
20/6/13,17.2
21/6/13,20.6
22/6/13,25.6
23/6/13,22.2
24/6/13,21.1
25/6/13,23.3
26/6/13,22.2
27/6/13,21.1
28/6/13,30.6
29/6/13,30
30/6/13,33.9
1/7/13,31.7
2/7/13,28.3
3/7/13,26.1
4/7/13,21.7
5/7/13,23.3
6/7/13,26.1
7/7/13,23.9
8/7/13,26.7
9/7/13,30
10/7/13,22.2
11/7/13,22.8
12/7/13,19.4
13/7/13,26.1
14/7/13,27.8
15/7/13,27.8
16/7/13,31.1
17/7/13,22.2
18/7/13,26.1
19/7/13,27.8
20/7/13,25
21/7/13,23.9
22/7/13,26.1
23/7/13,31.1
24/7/13,31.1
25/7/13,31.1
26/7/13,31.1
27/7/13,25.6
28/7/13,21.1
29/7/13,25
30/7/13,25
31/7/13,21.7
1/8/13,20.6
2/8/13,17.2
3/8/13,25
4/8/13,28.9
5/8/13,30
6/8/13,30.6
7/8/13,31.1
8/8/13,28.3
9/8/13,28.3
10/8/13,25.6
11/8/13,25
12/8/13,25.6
13/8/13,27.8
14/8/13,27.2
15/8/13,21.1
16/8/13,28.9
17/8/13,25.6
18/8/13,26.1
19/8/13,26.7
20/8/13,25.6
21/8/13,27.8
22/8/13,28.9
23/8/13,25
24/8/13,25
25/8/13,22.2
26/8/13,24.4
27/8/13,26.7
28/8/13,26.7
29/8/13,23.9
30/8/13,26.1
31/8/13,27.8
1/9/13,27.8
2/9/13,27.8
3/9/13,25
4/9/13,22.8
5/9/13,20
6/9/13,21.7
7/9/13,23.3
8/9/13,26.7
9/9/13,26.1
10/9/13,26.7
11/9/13,33.9
12/9/13,25.6
13/9/13,18.9
14/9/13,21.7
15/9/13,18.9
16/9/13,21.7
17/9/13,17.8
18/9/13,21.1
19/9/13,25.6
20/9/13,23.3
21/9/13,21.1
22/9/13,17.2
23/9/13,16.1
24/9/13,17.8
25/9/13,16.1
26/9/13,17.2
27/9/13,13.9
28/9/13,16.7
29/9/13,14.4
30/9/13,13.9
1/10/13,14.4
2/10/13,12.8
3/10/13,14.4
4/10/13,17.8
5/10/13,20
6/10/13,22.8
7/10/13,16.1
8/10/13,13.9
9/10/13,15
10/10/13,14.4
11/10/13,13.9
12/10/13,14.4
13/10/13,15
14/10/13,15.6
15/10/13,15.6
16/10/13,12.8
17/10/13,14.4
18/10/13,12.8
19/10/13,10.6
20/10/13,10.6
21/10/13,11.7
22/10/13,14.4
23/10/13,12.8
24/10/13,10
25/10/13,12.2
26/10/13,11.7
27/10/13,13.9
28/10/13,14.4
29/10/13,13.3
30/10/13,15
31/10/13,14.4
1/11/13,17.8
2/11/13,14.4
3/11/13,12.2
4/11/13,10.6
5/11/13,13.3
6/11/13,12.8
7/11/13,11.1
8/11/13,13.3
9/11/13,11.1
10/11/13,11.1
11/11/13,16.1
12/11/13,15.6
13/11/13,13.9
14/11/13,11.1
15/11/13,10.6
16/11/13,10
17/11/13,11.7
18/11/13,12.8
19/11/13,13.3
20/11/13,7.8
21/11/13,7.8
22/11/13,9.4
23/11/13,11.1
24/11/13,11.7
25/11/13,12.2
26/11/13,12.2
27/11/13,14.4
28/11/13,11.7
29/11/13,9.4
30/11/13,11.1
1/12/13,13.3
2/12/13,7.8
3/12/13,5
4/12/13,4.4
5/12/13,1.1
6/12/13,1.1
7/12/13,0
8/12/13,2.2
9/12/13,1.1
10/12/13,5.6
11/12/13,5
12/12/13,5.6
13/12/13,9.4
14/12/13,9.4
15/12/13,11.7
16/12/13,10
17/12/13,8.3
18/12/13,7.8
19/12/13,5
20/12/13,8.3
21/12/13,8.9
22/12/13,10.6
23/12/13,11.7
24/12/13,8.3
25/12/13,6.7
26/12/13,6.7
27/12/13,8.9
28/12/13,9.4
29/12/13,7.2
30/12/13,8.9
31/12/13,8.3
1/1/14,7.2
2/1/14,10.6
3/1/14,8.9
4/1/14,7.8
5/1/14,8.3
6/1/14,7.8
7/1/14,8.3
8/1/14,10
9/1/14,9.4
10/1/14,12.8
11/1/14,14.4
12/1/14,11.1
13/1/14,10.6
14/1/14,11.1
15/1/14,11.1
16/1/14,6.7
17/1/14,5.6
18/1/14,9.4
19/1/14,6.1
20/1/14,10
21/1/14,10
22/1/14,9.4
23/1/14,10
24/1/14,12.8
25/1/14,12.2
26/1/14,8.3
27/1/14,9.4
28/1/14,11.1
29/1/14,11.1
30/1/14,8.3
31/1/14,7.8
1/2/14,7.8
2/2/14,8.9
3/2/14,5
4/2/14,2.8
5/2/14,-0.5
6/2/14,-1.6
7/2/14,3.3
8/2/14,5.6
9/2/14,3.9
10/2/14,10
11/2/14,12.2
12/2/14,12.2
13/2/14,12.8
14/2/14,11.7
15/2/14,11.1
16/2/14,9.4
17/2/14,8.3
18/2/14,8.9
19/2/14,8.3
20/2/14,10
21/2/14,6.7
22/2/14,5.6
23/2/14,7.2
24/2/14,6.7
25/2/14,12.2
26/2/14,13.9
27/2/14,12.8
28/2/14,14.4
1/3/14,7.2
2/3/14,11.1
3/3/14,14.4
4/3/14,13.9
5/3/14,15.6
6/3/14,13.3
7/3/14,15.6
8/3/14,12.8
9/3/14,15
10/3/14,12.2
11/3/14,14.4
12/3/14,16.1
13/3/14,13.9
14/3/14,14.4
15/3/14,16.7
16/3/14,10.6
17/3/14,10
18/3/14,10
19/3/14,11.1
20/3/14,11.1
21/3/14,10.6
22/3/14,11.1
23/3/14,12.8
24/3/14,18.9
25/3/14,13.9
26/3/14,11.1
27/3/14,12.2
28/3/14,11.7
29/3/14,11.7
30/3/14,11.1
31/3/14,15.6
1/4/14,14.4
2/4/14,14.4
3/4/14,13.3
4/4/14,12.8
5/4/14,11.7
6/4/14,13.9
7/4/14,21.1
8/4/14,15.6
9/4/14,14.4
10/4/14,15
11/4/14,17.2
12/4/14,16.1
13/4/14,20.6
14/4/14,20
15/4/14,14.4
16/4/14,11.1
17/4/14,11.7
18/4/14,14.4
19/4/14,11.7
20/4/14,15.6
21/4/14,17.2
22/4/14,12.2
23/4/14,11.7
24/4/14,13.9
25/4/14,14.4
26/4/14,15
27/4/14,11.1
28/4/14,16.1
29/4/14,25
30/4/14,27.8
1/5/14,29.4
2/5/14,18.3
3/5/14,15
4/5/14,14.4
5/5/14,15.6
6/5/14,16.7
7/5/14,18.3
8/5/14,13.9
9/5/14,13.3
10/5/14,15.6
11/5/14,18.9
12/5/14,24.4
13/5/14,26.7
14/5/14,27.8
15/5/14,26.7
16/5/14,20
17/5/14,20
18/5/14,20
19/5/14,21.1
20/5/14,22.2
21/5/14,20
22/5/14,24.4
23/5/14,20
24/5/14,18.3
25/5/14,15
26/5/14,18.3
27/5/14,20
28/5/14,18.9
29/5/14,18.9
30/5/14,20.6
31/5/14,23.3
1/6/14,22.2
2/6/14,23.3
3/6/14,18.3
4/6/14,19.4
5/6/14,22.2
6/6/14,25
7/6/14,24.4
8/6/14,23.3
9/6/14,21.1
10/6/14,20
11/6/14,23.9
12/6/14,21.7
13/6/14,15.6
14/6/14,17.8
15/6/14,18.3
16/6/14,17.8
17/6/14,17.8
18/6/14,18.9
19/6/14,25.6
20/6/14,20
21/6/14,22.2
22/6/14,25
23/6/14,25
24/6/14,24.4
25/6/14,26.1
26/6/14,21.1
27/6/14,21.1
28/6/14,20
29/6/14,20.6
30/6/14,25.6
1/7/14,34.4
2/7/14,27.2
3/7/14,21.7
4/7/14,23.9
5/7/14,24.4
6/7/14,28.9
7/7/14,27.2
8/7/14,30
9/7/14,26.7
10/7/14,28.9
11/7/14,31.1
12/7/14,32.2
13/7/14,29.4
14/7/14,27.8
15/7/14,31.1
16/7/14,31.1
17/7/14,26.7
18/7/14,23.9
19/7/14,25.6
20/7/14,19.4
21/7/14,23.9
22/7/14,21.1
23/7/14,18.9
24/7/14,20.6
25/7/14,22.8
26/7/14,26.1
27/7/14,28.3
28/7/14,30.6
29/7/14,30
30/7/14,29.4
31/7/14,30.6
1/8/14,28.9
2/8/14,29.4
3/8/14,31.7
4/8/14,32.8
5/8/14,25
6/8/14,26.1
7/8/14,25.6
8/8/14,25.6
9/8/14,27.2
10/8/14,30.6
11/8/14,35.6
12/8/14,27.2
13/8/14,23.3
14/8/14,21.1
15/8/14,24.4
16/8/14,25.6
17/8/14,27.8
18/8/14,29.4
19/8/14,27.2
20/8/14,21.7
21/8/14,21.1
22/8/14,23.9
23/8/14,27.8
24/8/14,25
25/8/14,28.9
26/8/14,31.1
27/8/14,28.9
28/8/14,23.3
29/8/14,22.8
30/8/14,17.8
31/8/14,21.1
1/9/14,23.3
2/9/14,20
3/9/14,20.6
4/9/14,23.9
5/9/14,27.8
6/9/14,32.2
7/9/14,28.3
8/9/14,21.1
9/9/14,21.7
10/9/14,22.2
11/9/14,24.4
12/9/14,24.4
13/9/14,28.3
14/9/14,30
15/9/14,30.6
16/9/14,22.2
17/9/14,22.8
18/9/14,19.4
19/9/14,23.9
20/9/14,24.4
21/9/14,26.1
22/9/14,22.2
23/9/14,18.9
24/9/14,18.9
25/9/14,21.7
26/9/14,20
27/9/14,20.6
28/9/14,18.9
29/9/14,16.7
30/9/14,19.4
1/10/14,18.3
2/10/14,19.4
3/10/14,22.2
4/10/14,21.7
5/10/14,23.9
6/10/14,25.6
7/10/14,18.9
8/10/14,20.6
9/10/14,17.2
10/10/14,18.3
11/10/14,18.3
12/10/14,17.8
13/10/14,21.1
14/10/14,16.7
15/10/14,16.1
16/10/14,20.6
17/10/14,16.7
18/10/14,19.4
19/10/14,22.2
20/10/14,16.1
21/10/14,16.1
22/10/14,15.6
23/10/14,14.4
24/10/14,14.4
25/10/14,16.7
26/10/14,12.8
27/10/14,15.6
28/10/14,15
29/10/14,16.7
30/10/14,15.6
31/10/14,12.8
1/11/14,11.1
2/11/14,13.3
3/11/14,13.9
4/11/14,14.4
5/11/14,15
6/11/14,16.7
7/11/14,14.4
8/11/14,12.8
9/11/14,13.3
10/11/14,11.1
11/11/14,7.8
12/11/14,6.7
13/11/14,7.2
14/11/14,7.2
15/11/14,8.3
16/11/14,9.4
17/11/14,10.6
18/11/14,7.2
19/11/14,11.1
20/11/14,11.1
21/11/14,11.1
22/11/14,9.4
23/11/14,12.8
24/11/14,11.7
25/11/14,13.9
26/11/14,15
27/11/14,14.4
28/11/14,12.8
29/11/14,4.4
30/11/14,2.8
1/12/14,4.4
2/12/14,5.6
3/12/14,10
4/12/14,8.3
5/12/14,12.8
6/12/14,11.7
7/12/14,14.4
8/12/14,14.4
9/12/14,16.1
10/12/14,18.9
11/12/14,14.4
12/12/14,11.1
13/12/14,10
14/12/14,12.8
15/12/14,12.2
16/12/14,10
17/12/14,8.9
18/12/14,9.4
19/12/14,11.1
20/12/14,12.8
21/12/14,12.8
22/12/14,10.6
23/12/14,12.2
24/12/14,7.2
25/12/14,7.8
26/12/14,5.6
27/12/14,9.4
28/12/14,6.7
29/12/14,6.1
30/12/14,3.3
31/12/14,3.3
1/1/15,5.6
2/1/15,5.6
3/1/15,5
4/1/15,10.6
5/1/15,12.2
6/1/15,12.2
7/1/15,7.8
8/1/15,7.8
9/1/15,10
10/1/15,7.8
11/1/15,9.4
12/1/15,11.1
13/1/15,9.4
14/1/15,6.1
15/1/15,7.8
16/1/15,11.7
17/1/15,13.3
18/1/15,13.9
19/1/15,10
20/1/15,10
21/1/15,7.2
22/1/15,9.4
23/1/15,12.2
24/1/15,14.4
25/1/15,17.2
26/1/15,16.1
27/1/15,11.1
28/1/15,12.2
29/1/15,12.2
30/1/15,8.3
31/1/15,7.2
1/2/15,9.4
2/2/15,11.1
3/2/15,10
4/2/15,10.6
5/2/15,13.3
6/2/15,14.4
7/2/15,12.2
8/2/15,15
9/2/15,13.3
10/2/15,12.8
11/2/15,12.8
12/2/15,16.7
13/2/15,15.6
14/2/15,14.4
15/2/15,12.2
16/2/15,15
17/2/15,16.1
18/2/15,12.2
19/2/15,10.6
20/2/15,11.1
21/2/15,12.2
22/2/15,11.7
23/2/15,12.8
24/2/15,11.1
25/2/15,10
26/2/15,11.7
27/2/15,10
28/2/15,12.2
1/3/15,11.1
2/3/15,11.1
3/3/15,10.6
4/3/15,12.8
5/3/15,13.3
6/3/15,15
7/3/15,16.7
8/3/15,17.2
9/3/15,14.4
10/3/15,13.3
11/3/15,14.4
12/3/15,17.8
13/3/15,17.2
14/3/15,13.9
15/3/15,10.6
16/3/15,13.9
17/3/15,13.3
18/3/15,15.6
19/3/15,15.6
20/3/15,13.9
21/3/15,13.3
22/3/15,11.7
23/3/15,11.1
24/3/15,12.8
25/3/15,14.4
26/3/15,20.6
27/3/15,18.3
28/3/15,15.6
29/3/15,15.6
30/3/15,17.8
31/3/15,12.8
1/4/15,12.8
2/4/15,13.3
3/4/15,11.1
4/4/15,12.8
5/4/15,16.7
6/4/15,13.9
7/4/15,14.4
8/4/15,17.2
9/4/15,17.2
10/4/15,13.9
11/4/15,11.7
12/4/15,13.3
13/4/15,11.7
14/4/15,11.7
15/4/15,13.9
16/4/15,17.8
17/4/15,18.9
18/4/15,18.9
19/4/15,21.1
20/4/15,22.8
21/4/15,17.2
22/4/15,15.6
23/4/15,12.2
24/4/15,12.2
25/4/15,13.3
26/4/15,15.6
27/4/15,25
28/4/15,15.6
29/4/15,16.1
30/4/15,17.2
1/5/15,18.3
2/5/15,18.3
3/5/15,20.6
4/5/15,17.2
5/5/15,14.4
6/5/15,16.7
7/5/15,20.6
8/5/15,23.9
9/5/15,26.7
10/5/15,19.4
11/5/15,13.9
12/5/15,15.6
13/5/15,12.2
14/5/15,17.8
15/5/15,20
16/5/15,15.6
17/5/15,19.4
18/5/15,25.6
19/5/15,21.7
20/5/15,23.3
21/5/15,25.6
22/5/15,16.7
23/5/15,16.1
24/5/15,17.8
25/5/15,15.6
26/5/15,21.7
27/5/15,24.4
28/5/15,27.8
29/5/15,26.1
30/5/15,22.8
31/5/15,25
1/6/15,16.1
2/6/15,17.8
3/6/15,20
4/6/15,22.8
5/6/15,26.7
6/6/15,29.4
7/6/15,31.1
8/6/15,30.6
9/6/15,28.9
10/6/15,25.6
11/6/15,24.4
12/6/15,20
13/6/15,23.9
14/6/15,27.8
15/6/15,30
16/6/15,22.8
17/6/15,25
18/6/15,24.4
19/6/15,23.9
20/6/15,25
21/6/15,25.6
22/6/15,25
23/6/15,26.1
24/6/15,25.6
25/6/15,30.6
26/6/15,31.7
27/6/15,33.3
28/6/15,28.3
29/6/15,28.9
30/6/15,30.6
1/7/15,32.2
2/7/15,33.9
3/7/15,33.3
4/7/15,33.3
5/7/15,32.8
6/7/15,29.4
7/7/15,27.2
8/7/15,30
9/7/15,28.9
10/7/15,21.1
11/7/15,22.2
12/7/15,26.1
13/7/15,25.6
14/7/15,27.8
15/7/15,26.1
16/7/15,26.1
17/7/15,27.8
18/7/15,33.3
19/7/15,35
20/7/15,26.7
21/7/15,23.9
22/7/15,23.9
23/7/15,26.1
24/7/15,22.8
25/7/15,21.1
26/7/15,22.2
27/7/15,23.3
28/7/15,27.8
29/7/15,32.2
30/7/15,34.4
31/7/15,34.4
1/8/15,33.3
2/8/15,30.6
3/8/15,28.3
4/8/15,26.1
5/8/15,23.3
6/8/15,25
7/8/15,28.3
8/8/15,25
9/8/15,28.3
10/8/15,28.9
11/8/15,30
12/8/15,28.3
13/8/15,28.3
14/8/15,18.3
15/8/15,21.7
16/8/15,25
17/8/15,27.2
18/8/15,30
19/8/15,31.7
20/8/15,22.8
21/8/15,22.2
22/8/15,26.7
23/8/15,27.8
24/8/15,23.9
25/8/15,25.6
26/8/15,28.3
27/8/15,29.4
28/8/15,23.3
29/8/15,22.2
30/8/15,20
31/8/15,18.9
1/9/15,19.4
2/9/15,19.4
3/9/15,18.3
4/9/15,18.3
5/9/15,20.6
6/9/15,16.1
7/9/15,21.1
8/9/15,22.8
9/9/15,24.4
10/9/15,25
11/9/15,27.2
12/9/15,26.7
13/9/15,20.6
14/9/15,16.7
15/9/15,17.8
16/9/15,20
17/9/15,18.3
18/9/15,19.4
19/9/15,21.1
20/9/15,22.8
21/9/15,18.3
22/9/15,18.9
23/9/15,20.6
24/9/15,22.2
25/9/15,15.6
26/9/15,18.3
27/9/15,17.8
28/9/15,21.1
29/9/15,21.7
30/9/15,18.3
1/10/15,21.1
2/10/15,15.6
3/10/15,19.4
4/10/15,22.8
5/10/15,23.3
6/10/15,18.3
7/10/15,16.1
8/10/15,18.9
9/10/15,19.4
10/10/15,21.1
11/10/15,17.8
12/10/15,18.3
13/10/15,16.7
14/10/15,15
15/10/15,21.1
16/10/15,20
17/10/15,19.4
18/10/15,15
19/10/15,17.2
20/10/15,17.8
21/10/15,16.1
22/10/15,16.1
23/10/15,12.8
24/10/15,15
25/10/15,19.4
26/10/15,12.2
27/10/15,16.1
28/10/15,13.9
29/10/15,15
30/10/15,17.2
31/10/15,15.6
1/11/15,12.2
2/11/15,11.1
3/11/15,10.6
4/11/15,10
5/11/15,11.7
6/11/15,15.6
7/11/15,12.2
8/11/15,11.1
9/11/15,10
10/11/15,11.1
11/11/15,11.1
12/11/15,11.1
13/11/15,13.3
14/11/15,9.4
15/11/15,8.9
16/11/15,8.9
17/11/15,13.3
18/11/15,8.9
19/11/15,8.9
20/11/15,8.3
21/11/15,8.9
22/11/15,10
23/11/15,6.7
24/11/15,6.7
25/11/15,7.2
26/11/15,9.4
27/11/15,9.4
28/11/15,7.2
29/11/15,1.7
30/11/15,5.6
1/12/15,10
2/12/15,10.6
3/12/15,15.6
4/12/15,10.6
5/12/15,10
6/12/15,12.8
7/12/15,11.1
8/12/15,15.6
9/12/15,12.2
10/12/15,11.7
11/12/15,9.4
12/12/15,8.9
13/12/15,7.8
14/12/15,7.8
15/12/15,6.7
16/12/15,6.1
17/12/15,6.7
18/12/15,8.9
19/12/15,8.3
20/12/15,7.8
21/12/15,5.6
22/12/15,7.8
23/12/15,5
24/12/15,5.6
25/12/15,5
26/12/15,4.4
27/12/15,4.4
28/12/15,5
29/12/15,7.2
30/12/15,5.6
31/12/15,5.6
1/1/16,18.3
2/1/16,18.3
3/1/16,18.3
4/1/16,18.3
5/1/16,18.3
6/1/16,18.3
7/1/16,18.3
8/1/16,18.3
9/1/16,18.3
10/1/16,18.3
11/1/16,18.2
12/1/16,18.2
13/1/16,18.2
14/1/16,18.2
15/1/16,18.2
16/1/16,18.2
17/1/16,18.2
18/1/16,18.2
19/1/16,18.1
20/1/16,18.1
21/1/16,18.1
22/1/16,18.1
23/1/16,18.1
24/1/16,18.1
25/1/16,18.1
26/1/16,18.1
27/1/16,18.1
28/1/16,18.1
29/1/16,18.1
30/1/16,18.0
31/1/16,18.0
1/2/16,18.0
2/2/16,18.0
3/2/16,18.0
4/2/16,18.0
5/2/16,18.0
6/2/16,18.0
7/2/16,18.0
8/2/16,18.0
9/2/16,18.0
10/2/16,18.0
11/2/16,18.0
12/2/16,18.0
13/2/16,18.0
14/2/16,18.0
15/2/16,18.0
16/2/16,18.0
17/2/16,18.0
18/2/16,18.0